"","EmpID","Employee_Name"
"1",1,"Adinolfi, Wilson K"
"2",2,"Ait Sidi, Karthikeyan"
"3",3,"Akinkuolie, Sarah"
"4",4,"Alagbe,Trina"
"5",5,"Anderson, Carol"
"6",6,"Anderson, Linda"
"7",7,"Andreola, Colby"
"8",8,"Athwal, Sam"
"9",9,"Bachiochi, Linda"
"10",10,"Bacong, Alejandro"
"11",11,"Baczenski, Rachael"
"12",12,"Barbara, Thomas"
"13",13,"Barbossa, Hector"
"14",14,"Barone, Francesco A"
"15",15,"Barton, Nader"
"16",16,"Bates, Norman"
"17",17,"Beak, Kimberly"
"18",18,"Beatrice, Courtney"
"19",19,"Becker, Renee"
"20",20,"Becker, Scott"
"21",21,"Bernstein, Sean"
"22",22,"Biden, Lowan M"
"23",23,"Billis, Helen"
"24",24,"Blount, Dianna"
"25",25,"Bondwell, Betsy"
"26",26,"Booth, Frank"
"27",27,"Boutwell, Bonalyn"
"28",28,"Bozzi, Charles"
"29",29,"Brill, Donna"
"30",30,"Brown, Mia"
"31",31,"Buccheri, Joseph"
"32",32,"Bugali, Josephine"
"33",33,"Bunbury, Jessica"
"34",34,"Burke, Joelle"
"35",35,"Burkett, Benjamin"
"36",36,"Cady, Max"
"37",37,"Candie, Calvin"
"38",38,"Carabbio, Judith"
"39",39,"Carey, Michael"
"40",40,"Carr, Claudia N"
"41",41,"Carter, Michelle"
"42",42,"Chace, Beatrice"
"43",43,"Champaigne, Brian"
"44",44,"Chan, Lin"
"45",45,"Chang, Donovan E"
"46",46,"Chigurh, Anton"
"47",47,"Chivukula, Enola"
"48",48,"Cierpiszewski, Caroline"
"49",49,"Clayton, Rick"
"50",50,"Cloninger, Jennifer"
"51",51,"Close, Phil"
"52",52,"Clukey, Elijian"
"53",53,"Cockel, James"
"54",54,"Cole, Spencer"
"55",55,"Corleone, Michael"
"56",56,"Corleone, Vito"
"57",57,"Cornett, Lisa"
"58",58,"Costello, Frank"
"59",59,"Crimmings, Jean"
"60",60,"Cross, Noah"
"61",61,"Daneault, Lynn"
"62",62,"Daniele, Ann"
"63",63,"Darson, Jene'ya"
"64",64,"Davis, Daniel"
"65",65,"Dee, Randy"
"66",66,"DeGweck, James"
"67",67,"Del Bosque, Keyla"
"68",68,"Delarge, Alex"
"69",69,"Demita, Carla"
"70",70,"Desimone, Carl"
"71",71,"DeVito, Tommy"
"72",72,"Dickinson, Geoff"
"73",73,"Dietrich, Jenna"
"74",74,"DiNocco, Lily"
"75",75,"Dobrin, Denisa S"
"76",76,"Dolan, Linda"
"77",77,"Dougall, Eric"
"78",78,"Driver, Elle"
"79",79,"Dunn, Amy"
"80",80,"Dunne, Amy"
"81",81,"Eaton, Marianne"
"82",82,"Engdahl, Jean"
"83",83,"England, Rex"
"84",84,"Erilus, Angela"
"85",85,"Estremera, Miguel"
"86",86,"Evensen, April"
"87",87,"Exantus, Susan"
"88",88,"Faller, Megan"
"89",89,"Fancett, Nicole"
"90",90,"Ferguson, Susan"
"91",91,"Fernandes, Nilson"
"92",92,"Fett, Boba"
"93",93,"Fidelia, Libby"
"94",94,"Fitzpatrick, Michael J"
"95",95,"Foreman, Tanya"
"96",96,"Forrest, Alex"
"97",97,"Foss, Jason"
"98",98,"Foster-Baker, Amy"
"99",99,"Fraval, Maruk"
"100",100,"Galia, Lisa"
"101",101,"Garcia, Raul"
"102",102,"Gaul, Barbara"
"103",103,"Gentry, Mildred"
"104",104,"Gerke, Melisa"
"105",105,"Gill, Whitney"
"106",106,"Gilles, Alex"
"107",107,"Girifalco, Evelyn"
"108",108,"Givens, Myriam"
"109",109,"Goble, Taisha"
"110",110,"Goeth, Amon"
"111",111,"Gold, Shenice"
"112",112,"Gonzalez, Cayo"
"113",113,"Gonzalez, Juan"
"114",114,"Gonzalez, Maria"
"115",115,"Good, Susan"
"116",116,"Gordon, David"
"117",117,"Gosciminski, Phylicia"
"118",118,"Goyal, Roxana"
"119",119,"Gray, Elijiah"
"120",120,"Gross, Paula"
"121",121,"Gruber, Hans"
"122",122,"Guilianno, Mike"
"123",123,"Handschiegl, Joanne"
"124",124,"Hankard, Earnest"
"125",125,"Harrington, Christie"
"126",126,"Harrison, Kara"
"127",127,"Heitzman, Anthony"
"128",128,"Hendrickson, Trina"
"129",129,"Hitchcock, Alfred"
"130",130,"Homberger, Adrienne J"
"131",131,"Horton, Jayne"
"132",132,"Houlihan, Debra"
"133",133,"Howard, Estelle"
"134",134,"Hudson, Jane"
"135",135,"Hunts, Julissa"
"136",136,"Hutter, Rosalie"
"137",137,"Huynh, Ming"
"138",138,"Immediato, Walter"
"139",139,"Ivey, Rose"
"140",140,"Jackson, Maryellen"
"141",141,"Jacobi, Hannah"
"142",142,"Jeannite, Tayana"
"143",143,"Jhaveri, Sneha"
"144",144,"Johnson, George"
"145",145,"Johnson, Noelle"
"146",146,"Johnston, Yen"
"147",147,"Jung, Judy"
"148",148,"Kampew, Donysha"
"149",149,"Keatts, Kramer"
"150",150,"Khemmich, Bartholemew"
"151",151,"King, Janet"
"152",152,"Kinsella, Kathleen"
"153",153,"Kirill, Alexandra"
"154",154,"Knapp, Bradley J"
"155",155,"Kretschmer, John"
"156",156,"Kreuger, Freddy"
"157",157,"Lajiri, Jyoti"
"158",158,"Landa, Hans"
"159",159,"Langford, Lindsey"
"160",160,"Langton, Enrico"
"161",161,"LaRotonda, William"
"162",162,"Latif, Mohammed"
"163",163,"Le, Binh"
"164",164,"Leach, Dallas"
"165",165,"LeBlanc, Brandon R"
"166",166,"Lecter, Hannibal"
"167",167,"Leruth, Giovanni"
"168",168,"Liebig, Ketsia"
"169",169,"Linares, Marilyn"
"170",170,"Linden, Mathew"
"171",171,"Lindsay, Leonara"
"172",172,"Lundy, Susan"
"173",173,"Lunquist, Lisa"
"174",174,"Lydon, Allison"
"175",175,"Lynch, Lindsay"
"176",176,"MacLennan, Samuel"
"177",177,"Mahoney, Lauren"
"178",178,"Manchester, Robyn"
"179",179,"Mancuso, Karen"
"180",180,"Mangal, Debbie"
"181",181,"Martin, Sandra"
"182",182,"Maurice, Shana"
"183",183,"Carthy, B'rigit"
"184",184,"Mckenna, Sandy"
"185",185,"McKinzie, Jac"
"186",186,"Meads, Elizabeth"
"187",187,"Medeiros, Jennifer"
"188",188,"Miller, Brannon"
"189",189,"Miller, Ned"
"190",190,"Monkfish, Erasumus"
"191",191,"Monroe, Peter"
"192",192,"Monterro, Luisa"
"193",193,"Moran, Patrick"
"194",194,"Morway, Tanya"
"195",195,"Motlagh, Dawn"
"196",196,"Moumanil, Maliki"
"197",197,"Myers, Michael"
"198",198,"Navathe, Kurt"
"199",199,"Ndzi, Colombui"
"200",200,"Ndzi, Horia"
"201",201,"Newman, Richard"
"202",202,"Ngodup, Shari"
"203",203,"Nguyen, Dheepa"
"204",204,"Nguyen, Lei-Ming"
"205",205,"Nowlan, Kristie"
"206",206,"O'hare, Lynn"
"207",207,"Oliver, Brooke"
"208",208,"Onque, Jasmine"
"209",209,"Osturnka, Adeel"
"210",210,"Owad, Clinton"
"211",211,"Ozark, Travis"
"212",212,"Panjwani, Nina"
"213",213,"Patronick, Lucas"
"214",214,"Pearson, Randall"
"215",215,"Smith, Martin"
"216",216,"Pelletier, Ermine"
"217",217,"Perry, Shakira"
"218",218,"Peters, Lauren"
"219",219,"Peterson, Ebonee"
"220",220,"Petingill, Shana"
"221",221,"Petrowsky, Thelma"
"222",222,"Pham, Hong"
"223",223,"Pitt, Brad"
"224",224,"Potts, Xana"
"225",225,"Power, Morissa"
"226",226,"Punjabhi, Louis"
"227",227,"Purinton, Janine"
"228",228,"Quinn, Sean"
"229",229,"Rachael, Maggie"
"230",230,"Rarrick, Quinn"
"231",231,"Ren, Kylo"
"232",232,"Rhoads, Thomas"
"233",233,"Rivera, Haley"
"234",234,"Roberson, May"
"235",235,"Robertson, Peter"
"236",236,"Robinson, Alain"
"237",237,"Robinson, Cherly"
"238",238,"Robinson, Elias"
"239",239,"Roby, Lori"
"240",240,"Roehrich, Bianca"
"241",241,"Roper, Katie"
"242",242,"Rose, Ashley"
"243",243,"Rossetti, Bruno"
"244",244,"Roup,Simon"
"245",245,"Ruiz, Ricardo"
"246",246,"Saada, Adell"
"247",247,"Saar-Beckles, Melinda"
"248",248,"Sadki, Nore"
"249",249,"Sahoo, Adil"
"250",250,"Salter, Jason"
"251",251,"Sander, Kamrin"
"252",252,"Sewkumar, Nori"
"253",253,"Shepard, Anita"
"254",254,"Shields, Seffi"
"255",255,"Simard, Kramer"
"256",256,"Singh, Nan"
"257",257,"Sloan, Constance"
"258",258,"Smith, Joe"
"259",259,"Smith, John"
"260",260,"Smith, Leigh Ann"
"261",261,"Smith, Sade"
"262",262,"Soto, Julia"
"263",263,"Soze, Keyser"
"264",264,"Sparks, Taylor"
"265",265,"Spirea, Kelley"
"266",266,"Squatrito, Kristen"
"267",267,"Stanford,Barbara M"
"268",268,"Stansfield, Norman"
"269",269,"Steans, Tyrone"
"270",270,"Stoica, Rick"
"271",271,"Strong, Caitrin"
"272",272,"Sullivan, Kissy"
"273",273,"Sullivan, Timothy"
"274",274,"Sutwell, Barbara"
"275",275,"Szabo, Andrew"
"276",276,"Tannen, Biff"
"277",277,"Tavares, Desiree"
"278",278,"Tejeda, Lenora"
"279",279,"Terry, Sharlene"
"280",280,"Theamstern, Sophia"
"281",281,"Thibaud, Kenneth"
"282",282,"Tippett, Jeanette"
"283",283,"Torrence, Jack"
"284",284,"Trang, Mei"
"285",285,"Tredinnick, Neville"
"286",286,"True, Edward"
"287",287,"Trzeciak, Cybil"
"288",288,"Turpin, Jumil"
"289",289,"Valentin,Jackie"
"290",290,"Veera, Abdellah"
"291",291,"Vega, Vincent"
"292",292,"Villanueva, Noah"
"293",293,"Voldemort, Lord"
"294",294,"Volk, Colleen"
"295",295,"Von Massenbach, Anna"
"296",296,"Walker, Roger"
"297",297,"Wallace, Courtney E"
"298",298,"Wallace, Theresa"
"299",299,"Wang, Charlie"
"300",300,"Warfield, Sarah"
"301",301,"Whittier, Scott"
"302",302,"Wilber, Barry"
"303",303,"Wilkes, Annie"
"304",304,"Williams, Jacquelyn"
"305",305,"Winthrop, Jordan"
"306",306,"Wolk, Hang T"
"307",307,"Woodson, Jason"
"308",308,"Ybarra, Catherine"
"309",309,"Zamora, Jennifer"
"310",310,"Zhou, Julia"
"311",311,"Zima, Colleen"
