"","ManagerID","ManagerName"
"1",1,"Brandon R. LeBlanc"
"2",2,"Janet King"
"3",3,"Simon Roup"
"4",4,"Jennifer Zamora"
"5",5,"Eric Dougall"
"6",6,"Peter Monroe"
"7",7,"Board of Directors"
"8",8,"Alex Sweetwater"
"9",9,"Amy Dunn"
"10",10,"Brannon Miller"
"11",11,"Brian Champaigne"
"12",12,"David Stanley"
"13",13,"Debra Houlihan"
"14",14,"Elijiah Gray"
"15",15,"John Smith"
"16",16,"Kelley Spirea"
"17",17,"Kissy Sullivan"
"18",18,"Lynn Daneault"
"19",19,"Michael Albert"
"20",20,"Webster Butler"
"21",21,"Ketsia Liebig"
